image_id,model,accuracy,precision,recall,specificity,dice,iou,hd95
CHNCXR_0008_0.png,segnet,0.8334503173828125,0.0,0.0,1.0,0.0,0.0,0.0
CHNCXR_0008_0.png,unet,0.98480224609375,0.9591704471808166,0.9491525423728814,0.9919261822376009,0.9541351998526432,0.9122930609369496,3.605551275463989
CHNCXR_0008_0.png,resunetpp,0.9861602783203125,0.9666169339798583,0.9497022446174989,0.9934457443107962,0.9580849392300939,0.9195422691386499,3.0
CHNCXR_0008_0.png,attunet,0.9864044189453125,0.9604078633106743,0.9578561612459917,0.9921092620054558,0.9591303151231595,0.9214701216287678,3.0
CHNCXR_0026_0.png,segnet,0.7878265380859375,0.0,0.0,1.0,0.0,0.0,0.0
CHNCXR_0026_0.png,unet,0.98504638671875,0.9898430986129008,0.9391585760517799,0.9974046599910906,0.9638349693704332,0.9301944582947503,3.1622776601683795
CHNCXR_0026_0.png,resunetpp,0.9840240478515625,0.9888973384030418,0.9352031643293779,0.9971722414828301,0.9613010534097209,0.9254857305529856,3.0
CHNCXR_0026_0.png,attunet,0.98382568359375,0.9857067231339333,0.9373606616325063,0.9963394084948964,0.9609259805367149,0.924790691074216,3.1622776601683795
CHNCXR_0033_0.png,segnet,0.7377166748046875,0.0,0.0,1.0,0.0,0.0,0.0
CHNCXR_0033_0.png,unet,0.9572296142578125,0.9868029236599891,0.8482750596311595,0.9959666577036838,0.9123103394337557,0.838759779107225,22.30449573654309
CHNCXR_0033_0.png,resunetpp,0.9583892822265625,0.9781142554879662,0.8606085287102216,0.9931536599995863,0.9156067217528548,0.8443493150684932,22.21145713436568
CHNCXR_0033_0.png,attunet,0.95745849609375,0.9803856161184868,0.8549072080982023,0.993918960845554,0.9133569519547516,0.8405308013498828,21.435865726409027
CHNCXR_0048_0.png,segnet,0.778778076171875,0.0,0.0,1.0,0.0,0.0,0.0
CHNCXR_0048_0.png,unet,0.98809814453125,0.9618233234581202,0.9853083183887432,0.9888906305106,0.9734241908006814,0.9482243611018918,2.23606797749979
CHNCXR_0048_0.png,resunetpp,0.9881134033203125,0.9564175926542019,0.9914470961511933,0.9871664250166543,0.9736173671554849,0.9485910380782683,2.23606797749979
CHNCXR_0048_0.png,attunet,0.9876556396484375,0.9567567567567568,0.988895020002759,0.9873035777264,0.972560458569345,0.9465865575069325,2.8284271247461903
CHNCXR_0049_0.png,segnet,0.8405609130859375,0.0,0.0,1.0,0.0,0.0,0.0
CHNCXR_0049_0.png,unet,0.9888458251953125,0.940286335628851,0.9931093884582257,0.98803710494309,0.965976262508727,0.9341915736406193,3.605551275463989
CHNCXR_0049_0.png,resunetpp,0.983795166015625,0.9258687959350331,0.9765527801703512,0.9851689146259553,0.9505356311131812,0.9057340671045624,4.123105625617661
CHNCXR_0049_0.png,attunet,0.9880523681640625,0.9362700848528616,0.9926308737678247,0.9871839090892588,0.9636270729781204,0.9298072613177947,4.0
CHNCXR_0056_0.png,segnet,0.837066650390625,0.0,0.0,1.0,0.0,0.0,0.0
CHNCXR_0056_0.png,unet,0.9863433837890625,0.9491323110825453,0.968065180745458,0.9899011994604251,0.9585052621818351,0.9203169515669516,3.605551275463989
CHNCXR_0056_0.png,resunetpp,0.9859161376953125,0.9485057471264368,0.9660048698258101,0.9897918261693828,0.957175335220155,0.917867948033458,4.0
CHNCXR_0056_0.png,attunet,0.987518310546875,0.9517133956386293,0.9727477055628395,0.9903933792701156,0.9621155983697666,0.9269968763944667,3.605551275463989
CHNCXR_0058_0.png,segnet,0.8539581298828125,0.0,0.0,1.0,0.0,0.0,0.0
CHNCXR_0058_0.png,unet,0.9865264892578125,0.9727905964301262,0.9338627102706092,0.9955329223621907,0.9529292606215684,0.9100906221362387,5.656854249492381
CHNCXR_0058_0.png,resunetpp,0.982574462890625,0.9555723705545347,0.9236234458259325,0.9926561243634414,0.9393263202635214,0.8855940693247846,5.656854249492381
CHNCXR_0058_0.png,attunet,0.986419677734375,0.9532212592669939,0.9538188277087034,0.9919949968730456,0.9535199498642156,0.9111687793192933,3.605551275463989
CHNCXR_0062_0.png,segnet,0.7843170166015625,0.0,0.0,1.0,0.0,0.0,0.0
CHNCXR_0062_0.png,unet,0.983795166015625,0.9511976254573066,0.9748850371418465,0.9862454037859185,0.9628956746558591,0.9284463010375961,3.0
CHNCXR_0062_0.png,resunetpp,0.98529052734375,0.9536405593442171,0.979412805093739,0.9869068695161572,0.9663548792405416,0.9349000540248514,3.0
CHNCXR_0062_0.png,attunet,0.9846038818359375,0.9471317618204115,0.9835160948001415,0.9849030174510224,0.9649810849269427,0.932331835557642,3.0
CHNCXR_0063_0.png,segnet,0.7216339111328125,0.0,0.0,1.0,0.0,0.0,0.0
CHNCXR_0063_0.png,unet,0.9869537353515625,0.981448665411452,0.9714959162418462,0.9929164992705052,0.9764469298366436,0.9539778232317795,2.23606797749979
CHNCXR_0063_0.png,resunetpp,0.9853515625,0.9748337820759383,0.9724825960642438,0.9903156915399742,0.9736567696613797,0.9486658467461633,3.0
CHNCXR_0063_0.png,attunet,0.986419677734375,0.9782812413869136,0.9728114893383764,0.9916689573509821,0.9755386983289358,0.9522455330793582,3.0
CHNCXR_0071_0.png,segnet,0.7639007568359375,0.0,0.0,1.0,0.0,0.0,0.0
CHNCXR_0071_0.png,unet,0.9716949462890625,0.9207241720217498,0.9630323789827442,0.974372290913449,0.9414031651767382,0.8892933874433039,10.477988430878693
CHNCXR_0071_0.png,resunetpp,0.9725799560546875,0.9312563067608476,0.9543075033930072,0.9782274334338733,0.9426410035430431,0.8915051621083138,8.056031973468686
CHNCXR_0071_0.png,attunet,0.9705352783203125,0.9105626970652437,0.9705293091191107,0.9705371232247368,0.9395901767558267,0.8860632523011565,13.341664064126334
CHNCXR_0077_0.png,segnet,0.810394287109375,0.0,0.0,1.0,0.0,0.0,0.0
CHNCXR_0077_0.png,unet,0.986297607421875,0.9818592208660759,0.9451955577015935,0.9959141404631896,0.9631786124323438,0.9289725539824408,3.1622776601683795
CHNCXR_0077_0.png,resunetpp,0.98345947265625,0.9707786817200731,0.9410912602607436,0.9933722462813029,0.9557044785877737,0.9151666927531695,4.0
CHNCXR_0077_0.png,attunet,0.98748779296875,0.9798247064660162,0.9536455818445195,0.9954057616268123,0.966557911908646,0.9352801894238358,3.0
CHNCXR_0078_0.png,segnet,0.75164794921875,0.0,0.0,1.0,0.0,0.0,0.0
CHNCXR_0078_0.png,unet,0.9802398681640625,0.943566056730029,0.9789874662079134,0.9806536743808364,0.9609504568344239,0.9248360322711707,4.0
CHNCXR_0078_0.png,resunetpp,0.978515625,0.9423946679362056,0.9729663307938068,0.980349167681689,0.9574365175332528,0.9183484110415217,3.605551275463989
CHNCXR_0078_0.png,attunet,0.979034423828125,0.9336514957513677,0.9856230031948882,0.976857490864799,0.9589335883794609,0.9211070280202113,4.0
CHNCXR_0080_0.png,segnet,0.8149871826171875,0.0,0.0,1.0,0.0,0.0,0.0
CHNCXR_0080_0.png,unet,0.989837646484375,0.9747286436324467,0.9702268041237113,0.9942895658197749,0.9724725138464082,0.9464199517296863,2.23606797749979
CHNCXR_0080_0.png,resunetpp,0.985626220703125,0.9497305557789754,0.9738556701030928,0.988298290614293,0.9616418275103836,0.9261176470588235,3.605551275463989
CHNCXR_0080_0.png,attunet,0.9898223876953125,0.973549346999504,0.971381443298969,0.994008724794518,0.9724641869297774,0.9464041783848935,2.23606797749979
CHNCXR_0084_0.png,segnet,0.7357025146484375,0.0,0.0,1.0,0.0,0.0,0.0
CHNCXR_0084_0.png,unet,0.976898193359375,0.9875393251495898,0.9242537959702096,0.9958104324380379,0.9548490993677681,0.913599269531473,7.046194077712549
CHNCXR_0084_0.png,resunetpp,0.9777069091796875,0.9900506735879372,0.9249465966168235,0.9966607902105153,0.9563919648986657,0.9164283262784578,7.0
CHNCXR_0084_0.png,attunet,0.98095703125,0.9888679360058398,0.9385139426130131,0.9962045006740641,0.9630331753554502,0.9287020109689214,5.741794477303121
CHNCXR_0085_0.png,segnet,0.786468505859375,0.0,0.0,1.0,0.0,0.0,0.0
CHNCXR_0085_0.png,unet,0.985687255859375,0.9603667136812412,0.9731313420037159,0.9890962710022894,0.9667068928799603,0.9355592195658148,3.1622776601683795
CHNCXR_0085_0.png,resunetpp,0.985595703125,0.9621104815864022,0.9707731885093611,0.989620115633852,0.9664224229921036,0.9350264987266845,3.6844410203712092
CHNCXR_0085_0.png,attunet,0.9860687255859375,0.9558792778978183,0.9799914248963841,0.9877187536378099,0.9677851875374899,0.9375811854789089,3.0
CHNCXR_0086_0.png,segnet,0.834625244140625,0.0,0.0,1.0,0.0,0.0,0.0
CHNCXR_0086_0.png,unet,0.9858551025390625,0.9551758978598328,0.959494371655287,0.991078284397967,0.9573302646720369,0.9181529224792513,3.1622776601683795
CHNCXR_0086_0.png,resunetpp,0.9829559326171875,0.9515934219083898,0.9450083041151504,0.9904749716625837,0.9482894310448591,0.9016638788625759,5.024754878398197
CHNCXR_0086_0.png,attunet,0.986083984375,0.9527458492975734,0.9636464292304854,0.9905298182748912,0.9581651376146789,0.9196900317013033,3.605551275463989
CHNCXR_0089_0.png,segnet,0.761688232421875,0.0,0.0,1.0,0.0,0.0,0.0
CHNCXR_0089_0.png,unet,0.9776458740234375,0.9491019864187346,0.9575489819439109,0.9839336511879483,0.9533067729083665,0.9107795371498173,4.242640687119285
CHNCXR_0089_0.png,resunetpp,0.9798126220703125,0.9580262736302467,0.9572288385196568,0.9868784807083617,0.9576273900650162,0.9186996865974313,4.123105625617661
CHNCXR_0089_0.png,attunet,0.9780731201171875,0.9387414145164285,0.9713791778716865,0.9801674746584399,0.9547814594543567,0.9134754335260116,5.0
CHNCXR_0092_0.png,segnet,0.7555389404296875,0.0,0.0,1.0,0.0,0.0,0.0
CHNCXR_0092_0.png,unet,0.9802703857421875,0.9737519300051467,0.9447600024967231,0.9917600727052408,0.9590369079676857,0.9212977052772536,4.123105625617661
CHNCXR_0092_0.png,resunetpp,0.9768524169921875,0.9814126394052045,0.9227888396479621,0.9943451479349692,0.9511983271674441,0.9069382246487946,5.385164807134504
CHNCXR_0092_0.png,attunet,0.9820556640625,0.9645159271543902,0.9619873915485925,0.9885489245683127,0.96325,0.9291053773812394,3.605551275463989
CHNCXR_0097_0.png,segnet,0.601104736328125,0.0,0.0,1.0,0.0,0.0,0.0
CHNCXR_0097_0.png,unet,0.9086456298828125,0.994844095261478,0.7749980873689848,0.9973346194852007,0.871266691035758,0.7718977406941746,26.34383875151434
CHNCXR_0097_0.png,resunetpp,0.90985107421875,0.9951061955564255,0.7778287812715171,0.9974615423668579,0.8731535554792168,0.7748647206767777,35.17073540920752
CHNCXR_0097_0.png,attunet,0.9491424560546875,0.986270413166759,0.884821360263178,0.9918261664212824,0.9327956447222502,0.8740553204353083,15.811388300841896
CHNCXR_0098_0.png,segnet,0.8125152587890625,0.0,0.0,1.0,0.0,0.0,0.0
CHNCXR_0098_0.png,unet,0.975616455078125,0.9258226436140546,0.9457149833156995,0.9825161035887998,0.9356630968677027,0.8791042517778787,10.099026525094123
CHNCXR_0098_0.png,resunetpp,0.978851318359375,0.9394501330323309,0.9483193619272402,0.9858964487596011,0.9438639125151883,0.8936953520478601,8.974922359499619
CHNCXR_0098_0.png,attunet,0.9820709228515625,0.9424976107040459,0.9631317652803776,0.986441059926008,0.9527029746809966,0.909677915289415,8.98328157299975
CHNCXR_0105_0.png,segnet,0.7689361572265625,0.0,0.0,1.0,0.0,0.0,0.0
CHNCXR_0105_0.png,unet,0.98223876953125,0.9354014825889242,0.9916132866671069,0.9794217450836425,0.9626875240415438,0.9280593325092708,4.123105625617661
CHNCXR_0105_0.png,resunetpp,0.9827117919921875,0.9402337858220211,0.9879812454599485,0.9811283313158574,0.9635163419739172,0.9296010935752455,4.123105625617661
CHNCXR_0105_0.png,attunet,0.9805145263671875,0.9275407005426739,0.9932642144885425,0.9766832695017165,0.9592780382027488,0.9217428606446868,5.0
CHNCXR_0116_0.png,segnet,0.739471435546875,0.0,0.0,1.0,0.0,0.0,0.0
CHNCXR_0116_0.png,unet,0.9861602783203125,0.9674975420739113,0.979793838584983,0.988403285048079,0.9736068674523498,0.9485711045588568,3.0
CHNCXR_0116_0.png,resunetpp,0.9862518310546875,0.970994233793465,0.9763968607239077,0.9897239073913582,0.9736880530327366,0.9487252447074892,3.0
CHNCXR_0116_0.png,attunet,0.9833526611328125,0.958622668579627,0.9783296239896919,0.9851223639139944,0.9683758949534769,0.9386906434391683,3.0
CHNCXR_0117_0.png,segnet,0.7896881103515625,0.0,0.0,1.0,0.0,0.0,0.0
CHNCXR_0117_0.png,unet,0.980743408203125,0.9274254113470335,0.9855619241094101,0.9794601279152899,0.9556102708406613,0.9149939377610131,5.0
CHNCXR_0117_0.png,resunetpp,0.9813385009765625,0.9399607678296202,0.9734455488645433,0.983440573493324,0.9564101650212068,0.9164617486338797,5.385164807134504
CHNCXR_0117_0.png,attunet,0.9775848388671875,0.9127782247251274,0.9878110716099543,0.974861360694066,0.9488135475103662,0.9026120392468842,7.0
CHNCXR_0126_0.png,segnet,0.873687744140625,0.0,0.0,1.0,0.0,0.0,0.0
CHNCXR_0126_0.png,unet,0.982940673828125,0.9545454545454546,0.908190384150761,0.9937475985888434,0.9307911353225208,0.8705419175544233,5.0
CHNCXR_0126_0.png,resunetpp,0.983612060546875,0.9513784461152882,0.9171297414834501,0.9932236543365119,0.9339402140484685,0.8760673897992153,5.0990195135927845
CHNCXR_0126_0.png,attunet,0.9867095947265625,0.9512611185573291,0.9431021985986954,0.9930140766355793,0.9471640885653625,0.8996312514404241,3.605551275463989
CHNCXR_0128_0.png,segnet,0.7752532958984375,0.0,0.0,1.0,0.0,0.0,0.0
CHNCXR_0128_0.png,unet,0.98486328125,0.9524405506883604,0.9816688166202729,0.9857893597338949,0.9668338348378469,0.9357970357905637,3.0
CHNCXR_0128_0.png,resunetpp,0.983551025390625,0.9488393502992043,0.9796320184669699,0.9846871494085461,0.9639898450026724,0.9304830076739536,4.0
CHNCXR_0128_0.png,attunet,0.9835357666015625,0.9456706281833617,0.9832303618711385,0.983624303737674,0.9640848117697967,0.9306599832915622,4.0
CHNCXR_0144_0.png,segnet,0.7183990478515625,0.0,0.0,1.0,0.0,0.0,0.0
CHNCXR_0144_0.png,unet,0.9852752685546875,0.9724473257698542,0.9753454348415064,0.9891676047662539,0.9738942242661978,0.9491167940943844,2.8284271247461903
CHNCXR_0144_0.png,resunetpp,0.983734130859375,0.9701508678959606,0.9721484692495259,0.9882755251587689,0.9711486413337663,0.9439153995896249,3.1622776601683795
CHNCXR_0144_0.png,attunet,0.9844970703125,0.9575484074093509,0.9887835274993226,0.9828168475605871,0.9729153337598635,0.9472591362126246,2.8284271247461903
CHNCXR_0163_0.png,segnet,0.80999755859375,0.0,0.0,1.0,0.0,0.0,0.0
CHNCXR_0163_0.png,unet,0.986419677734375,0.9560586935941937,0.9732573080629617,0.9895071961419637,0.9645813435211716,0.9315858251979399,3.1622776601683795
CHNCXR_0163_0.png,resunetpp,0.985870361328125,0.9513627819548872,0.9755059428204305,0.9883015597920277,0.9632831086439334,0.9291669853897345,3.1622776601683795
CHNCXR_0163_0.png,attunet,0.9836578369140625,0.9408847911985744,0.9752650176678446,0.9856265541406073,0.9577664734413818,0.918955732122588,5.0
CHNCXR_0166_0.png,segnet,0.7028656005859375,0.0,0.0,1.0,0.0,0.0,0.0
CHNCXR_0166_0.png,unet,0.9874420166015625,0.9726305119107957,0.9854670569506496,0.9882769250808675,0.9790067086702549,0.9588767301254185,2.23606797749979
CHNCXR_0166_0.png,resunetpp,0.9854278564453125,0.972108912910463,0.9790479124942227,0.9881249592948788,0.9755660739414097,0.9522977022977023,4.0
CHNCXR_0166_0.png,attunet,0.985076904296875,0.9608771492648891,0.990088840959277,0.9829581225712611,0.9752643026961404,0.9517227761871853,3.0
CHNCXR_0175_0.png,segnet,0.7816162109375,0.0,0.0,1.0,0.0,0.0,0.0
CHNCXR_0175_0.png,unet,0.976165771484375,0.9380841121495327,0.9538149804359978,0.9824105887865063,0.9458841463414634,0.8973246565437455,8.0
CHNCXR_0175_0.png,resunetpp,0.9800262451171875,0.9723211042499091,0.9351593068753493,0.9925620802748711,0.9533782099227125,0.9109099571224393,5.830951894845301
CHNCXR_0175_0.png,attunet,0.978790283203125,0.9340902983069067,0.9714225824482952,0.9808488208652194,0.9523907384573229,0.9091087425619564,5.830951894845301
CHNCXR_0222_0.png,segnet,0.7866363525390625,0.0,0.0,1.0,0.0,0.0,0.0
CHNCXR_0222_0.png,unet,0.987945556640625,0.9716839470861638,0.9718229278409497,0.9923185847574341,0.9717534324942791,0.9450587662563461,3.0
CHNCXR_0222_0.png,resunetpp,0.9869232177734375,0.9762008416775504,0.9621683472788386,0.9936376156576727,0.9691338015487124,0.9401159946893998,3.0
CHNCXR_0222_0.png,attunet,0.9885406494140625,0.9684225431888983,0.9781877994707859,0.991348709095494,0.9732806774113211,0.9479520410284843,2.8284271247461903
CHNCXR_0240_0.png,segnet,0.792083740234375,0.0,0.0,1.0,0.0,0.0,0.0
CHNCXR_0240_0.png,unet,0.990234375,0.9655815287537646,0.9882577425510054,0.990753226738586,0.9767880458436095,0.9546292357861903,2.0
CHNCXR_0240_0.png,resunetpp,0.990081787109375,0.9670986321094313,0.9858359019521503,0.9911963012906955,0.9763773804332025,0.9538450614215721,2.23606797749979
CHNCXR_0240_0.png,attunet,0.990692138671875,0.9669249533649017,0.9890650227506238,0.9911192448468503,0.9778696850965027,0.9566976645133811,2.0
CHNCXR_0244_0.png,segnet,0.66375732421875,0.0,0.0,1.0,0.0,0.0,0.0
CHNCXR_0244_0.png,unet,0.968719482421875,0.9736467911650394,0.9322018515157016,0.9872183908045977,0.9524736866509018,0.9092599150141643,5.0
CHNCXR_0244_0.png,resunetpp,0.969390869140625,0.9769047619047619,0.9309765837720094,0.9888505747126437,0.953387861325402,0.9109275787043204,5.656854249492381
CHNCXR_0244_0.png,attunet,0.970458984375,0.9653639562882015,0.9460882192775458,0.9828045977011495,0.9556288962229557,0.9150280898876404,4.345913557665376
CHNCXR_0247_0.png,segnet,0.8120880126953125,0.0,0.0,1.0,0.0,0.0,0.0
CHNCXR_0247_0.png,unet,0.9856109619140625,0.9710072895957588,0.9518473406414941,0.993423648559779,0.9613318571369992,0.9255428345834978,3.0
CHNCXR_0247_0.png,resunetpp,0.98046875,0.949198078645282,0.9467316280958181,0.9882753048608632,0.9479632490446378,0.9010742715820388,5.0
CHNCXR_0247_0.png,attunet,0.9842681884765625,0.9657421165593528,0.9499796995533901,0.9922023261494523,0.9577960620573908,0.9190102120974077,3.0
CHNCXR_0252_0.png,segnet,0.747772216796875,0.0,0.0,1.0,0.0,0.0,0.0
CHNCXR_0252_0.png,unet,0.9848785400390625,0.978977868195549,0.9606775559588627,0.9930416683671387,0.9697413819425361,0.9412601505542054,3.605551275463989
CHNCXR_0252_0.png,resunetpp,0.9827728271484375,0.9746655982247426,0.9565638233514822,0.991613271844264,0.9655298751259427,0.9333569446903961,4.123105625617661
CHNCXR_0252_0.png,attunet,0.9838409423828125,0.9767054908485857,0.9588021778584392,0.9922866587764764,0.9676710321458009,0.9373669268985095,4.123105625617661
CHNCXR_0256_0.png,segnet,0.777984619140625,0.0,0.0,1.0,0.0,0.0,0.0
CHNCXR_0256_0.png,unet,0.9784088134765625,0.948875674936778,0.9541580756013746,0.985329306084023,0.9515095438812926,0.9075042489214277,6.082762530298219
CHNCXR_0256_0.png,resunetpp,0.9793853759765625,0.958904109589041,0.947766323024055,0.9884085827482054,0.9533026857004597,0.9107720758206195,4.47213595499958
CHNCXR_0256_0.png,attunet,0.976837158203125,0.934921906287545,0.962680412371134,0.9808771035186129,0.9485981308411215,0.9022222222222223,5.004950975679635
CHNCXR_0260_0.png,segnet,0.7930145263671875,0.0,0.0,1.0,0.0,0.0,0.0
CHNCXR_0260_0.png,unet,0.9845123291015625,0.9633732092748486,0.9617397714706967,0.9904562159665967,0.9625557973955067,0.9278145224379489,3.1622776601683795
CHNCXR_0260_0.png,resunetpp,0.9831085205078125,0.9566046034305821,0.9620346479911537,0.9886090319601316,0.959311941779689,0.9218054672600127,3.1622776601683795
CHNCXR_0260_0.png,attunet,0.9861907958984375,0.9674346477625166,0.9657943236269813,0.9915144984703007,0.9666137897959937,0.935384835070684,3.0
CHNCXR_0263_0.png,segnet,0.7762908935546875,0.0,0.0,1.0,0.0,0.0,0.0
CHNCXR_0263_0.png,unet,0.9893951416015625,0.9729748035762666,0.9798103812836778,0.9921572481572482,0.9763806287170773,0.953851261620186,2.23606797749979
CHNCXR_0263_0.png,resunetpp,0.986480712890625,0.9609181556581677,0.9794011322556442,0.9885208845208845,0.9700716119443319,0.9418825844539194,3.0
CHNCXR_0263_0.png,attunet,0.9882049560546875,0.9617635323846256,0.9864947820748926,0.9886977886977887,0.9739721876157447,0.949264898923602,2.23606797749979
CHNCXR_0268_0.png,segnet,0.7914276123046875,0.0,0.0,1.0,0.0,0.0,0.0
CHNCXR_0268_0.png,unet,0.9890899658203125,0.9865534855769231,0.9607871826761285,0.9965488653671891,0.9734998702790852,0.948367995378394,3.0
CHNCXR_0268_0.png,resunetpp,0.989349365234375,0.9893608994189995,0.959250859609335,0.997281508473596,0.9740732486442315,0.9494569152787835,2.8284271247461903
CHNCXR_0268_0.png,attunet,0.9895172119140625,0.9788992179430427,0.9706635452483723,0.9944858966202017,0.9747639863350843,0.9507703332139018,2.23606797749979
CHNCXR_0271_0.png,segnet,0.746551513671875,0.0,0.0,1.0,0.0,0.0,0.0
CHNCXR_0271_0.png,unet,0.98486328125,0.9739046000728244,0.9661649608669476,0.9912112169398684,0.9700193423597679,0.9417840375586854,3.1622776601683795
CHNCXR_0271_0.png,resunetpp,0.984619140625,0.9769503546099291,0.9620108368452739,0.9922944855496055,0.9694230419219803,0.9406605050921293,5.0
CHNCXR_0271_0.png,attunet,0.9862060546875,0.9765169902912622,0.9688741721854305,0.9920900952458815,0.9726805681474766,0.9468141436724128,3.0
CHNCXR_0275_0.png,segnet,0.8387603759765625,0.0,0.0,1.0,0.0,0.0,0.0
CHNCXR_0275_0.png,unet,0.9906158447265625,0.9699659992444276,0.9718936311157377,0.9942149211373683,0.970928858425904,0.9435002296738632,2.23606797749979
CHNCXR_0275_0.png,resunetpp,0.9905548095703125,0.9750716332378223,0.9661209425570171,0.9952518692353872,0.9705756524219232,0.9428333949021056,2.8284271247461903
CHNCXR_0275_0.png,attunet,0.9913177490234375,0.9730317940953823,0.9731238762184158,0.9948152595099056,0.9730778329784717,0.9475672687062293,2.0
CHNCXR_0279_0.png,segnet,0.6796417236328125,0.0,0.0,1.0,0.0,0.0,0.0
CHNCXR_0279_0.png,unet,0.9859619140625,0.9822243574345424,0.9738032864967849,0.991693046855706,0.9779956948098542,0.9569389187924175,2.8284271247461903
CHNCXR_0279_0.png,resunetpp,0.9835205078125,0.9842906473420554,0.9639437961419386,0.9927482544172784,0.9740109731446722,0.9493385871094849,3.605551275463989
CHNCXR_0279_0.png,attunet,0.986175537109375,0.971152493081289,0.9861395570373899,0.9861924968007004,0.9785886467835705,0.9580749652938454,2.8284271247461903
CHNCXR_0287_0.png,segnet,0.7389068603515625,0.0,0.0,1.0,0.0,0.0,0.0
CHNCXR_0287_0.png,unet,0.986663818359375,0.9774745633123566,0.971305008474081,0.9920908621579763,0.9743800199331653,0.9500400137189894,3.1622776601683795
CHNCXR_0287_0.png,resunetpp,0.982391357421875,0.976015750850188,0.9560516626731342,0.9916985028394424,0.9659305621162022,0.9341060926169131,4.47213595499958
CHNCXR_0287_0.png,attunet,0.98724365234375,0.9717117848240682,0.9796622055987376,0.9899225606608157,0.9756707991385833,0.9524973009830104,3.0
CHNCXR_0295_0.png,segnet,0.6720733642578125,0.0,0.0,1.0,0.0,0.0,0.0
CHNCXR_0295_0.png,unet,0.9368133544921875,0.9857222844344905,0.8191801219114978,0.9942104665682825,0.894767604381083,0.8095741745608388,32.01548345214604
CHNCXR_0295_0.png,resunetpp,0.9277496337890625,0.985456020396338,0.7913545204969522,0.994301282778976,0.8778032981496297,0.7822187471253794,33.94112549695428
CHNCXR_0295_0.png,attunet,0.940887451171875,0.9801057393579332,0.8367223488902331,0.9917130207742082,0.9027561624579548,0.8227489019033675,30.20345079735719
CHNCXR_0296_0.png,segnet,0.667755126953125,0.0,0.0,1.0,0.0,0.0,0.0
CHNCXR_0296_0.png,unet,0.9820098876953125,0.9860750531036111,0.9594011206025536,0.9932589918193867,0.9725552270769804,0.9465766459739907,3.0
CHNCXR_0296_0.png,resunetpp,0.9829254150390625,0.9821203491900472,0.9661982180582346,0.991248114802797,0.9740942238685033,0.9494967730288396,3.0
CHNCXR_0296_0.png,attunet,0.983917236328125,0.9842026547018135,0.9671167447414347,0.9922764041862804,0.9755848969191568,0.9523335745296672,3.0
CHNCXR_0298_0.png,segnet,0.7080078125,0.0,0.0,1.0,0.0,0.0,0.0
CHNCXR_0298_0.png,unet,0.95013427734375,0.9874063152721465,0.8399352006688964,0.9955818965517241,0.9077201106906873,0.8310325215862675,26.0
CHNCXR_0298_0.png,resunetpp,0.9503326416015625,0.9847384164580917,0.8429661371237458,0.9946120689655172,0.90835374609342,0.8320953265242959,26.0
CHNCXR_0298_0.png,attunet,0.9540557861328125,0.9828711744624783,0.8575982441471572,0.9938362068965517,0.9159713113610359,0.8449696220780558,24.0
CHNCXR_0308_0.png,segnet,0.776947021484375,0.0,0.0,1.0,0.0,0.0,0.0
CHNCXR_0308_0.png,unet,0.9900054931640625,0.9842546993133107,0.9707210288685183,0.9955418516045407,0.9774410194592733,0.9558773997979118,2.23606797749979
CHNCXR_0308_0.png,resunetpp,0.988128662109375,0.9821627647714605,0.9642906006293611,0.9949723084174555,0.9731446323783224,0.9476939626193358,3.0
CHNCXR_0308_0.png,attunet,0.989959716796875,0.9831118493909191,0.9716787522232864,0.9952079814603872,0.9773618660978463,0.9557260126497107,2.0
CHNCXR_0323_0.png,segnet,0.800262451171875,0.0,0.0,1.0,0.0,0.0,0.0
CHNCXR_0323_0.png,unet,0.9896087646484375,0.9700022725551095,0.9782276546982429,0.9924493765015444,0.9740975999391427,0.9495031884917693,3.0
CHNCXR_0323_0.png,resunetpp,0.9893035888671875,0.9754394044055569,0.9708938120702827,0.993898486061854,0.9731613002029175,0.9477255779269202,3.0
CHNCXR_0323_0.png,attunet,0.98773193359375,0.9639027337260233,0.9750954927425516,0.9908858635548946,0.9694668084459973,0.9407429245283019,3.1622776601683795
CHNCXR_0332_1.png,segnet,0.650054931640625,0.0,0.0,1.0,0.0,0.0,0.0
CHNCXR_0332_1.png,unet,0.9729156494140625,0.9943922613206224,0.9278364001046481,0.9971832308342331,0.9599621049782329,0.9230068534744513,7.674116076876723
CHNCXR_0332_1.png,resunetpp,0.97454833984375,0.9935480876346082,0.9333304264410919,0.9967372423829867,0.9624983137731014,0.9277077103107528,5.656854249492381
CHNCXR_0332_1.png,attunet,0.97259521484375,0.9938323521166246,0.927443969652045,0.9969015539176564,0.9594911584265609,0.9221364779328882,7.02842712474618
CHNCXR_0334_1.png,segnet,0.6979522705078125,0.0,0.0,1.0,0.0,0.0,0.0
CHNCXR_0334_1.png,unet,0.986083984375,0.9770602799252185,0.9768628441525637,0.9900745501847358,0.9769615520638609,0.9549607388019161,3.0
CHNCXR_0334_1.png,resunetpp,0.983551025390625,0.9688392365111969,0.9769638797676181,0.9864016965086028,0.9728845960358184,0.9472008620267425,3.0
CHNCXR_0334_1.png,attunet,0.9854736328125,0.9750415973377704,0.9769133619600909,0.9891781989899653,0.9759765822145957,0.9530803351404633,3.0
CHNCXR_0339_1.png,segnet,0.5668792724609375,0.0,0.0,1.0,0.0,0.0,0.0
CHNCXR_0339_1.png,unet,0.8701019287109375,0.9939842895495674,0.7043508895543421,0.9967430217221609,0.8244706076413947,0.7013611169578334,43.0
CHNCXR_0339_1.png,resunetpp,0.8717041015625,0.9926024559846132,0.7090716927954905,0.9959624236225135,0.8272163084131355,0.7053443140003505,41.94329928710271
CHNCXR_0339_1.png,attunet,0.8717498779296875,0.9907161803713528,0.7105513475427162,0.994912653764367,0.8275649836899658,0.705851473367397,41.52826968969817
CHNCXR_0340_1.png,segnet,0.6692352294921875,0.0,0.0,1.0,0.0,0.0,0.0
CHNCXR_0340_1.png,unet,0.926239013671875,0.9934376281713247,0.7821654287954976,0.9974463622061607,0.8752322940326244,0.7781449355179219,29.154759474226502
CHNCXR_0340_1.png,resunetpp,0.9221649169921875,0.9907045589105979,0.7719241592471283,0.9964203470211359,0.8677366660616589,0.7663735458459283,30.097257461185716
CHNCXR_0340_1.png,attunet,0.9264068603515625,0.9926341634514205,0.7833187249158093,0.9971271574819307,0.8756413892684939,0.7787919093702701,27.79518002312715
CHNCXR_0365_1.png,segnet,0.71990966796875,0.0,0.0,1.0,0.0,0.0,0.0
CHNCXR_0365_1.png,unet,0.978271484375,0.9548189534758784,0.9682392678143387,0.9821746502755405,0.9614822829321071,0.9258217429806741,4.0
CHNCXR_0365_1.png,resunetpp,0.9774932861328125,0.951532659284224,0.969001961211593,0.9807969478592624,0.9601878593214391,0.9234243588412419,4.242640687119285
CHNCXR_0365_1.png,attunet,0.9765625,0.949300138903729,0.9680213554151231,0.97988554472234,0.9585693477909046,0.9204351204351204,4.47213595499958
CHNCXR_0371_1.png,segnet,0.769805908203125,0.0,0.0,1.0,0.0,0.0,0.0
CHNCXR_0371_1.png,unet,0.9823150634765625,0.9647600614029234,0.9581731406602148,0.9895341922695738,0.9614553194319732,0.9257717433072883,4.123105625617661
CHNCXR_0371_1.png,resunetpp,0.9860992431640625,0.9688430244096051,0.9708338857218614,0.9906640237859267,0.9698374333675462,0.9414411518930385,3.0
CHNCXR_0371_1.png,attunet,0.9839935302734375,0.9637264618434093,0.9668566883202969,0.9891179385530228,0.9652890374243076,0.9329069395586824,3.0
CHNCXR_0383_1.png,segnet,0.7907562255859375,0.0,0.0,1.0,0.0,0.0,0.0
CHNCXR_0383_1.png,unet,0.9883270263671875,0.9706994328922496,0.9736016918252753,0.9922235300928159,0.972148396257327,0.9458061773873618,3.1622776601683795
CHNCXR_0383_1.png,resunetpp,0.988037109375,0.9798827110088338,0.9625902428352658,0.9947706616753179,0.9711595055915244,0.9439359267734554,3.1622776601683795
CHNCXR_0383_1.png,attunet,0.9886322021484375,0.9692430163554784,0.9766644789615693,0.991799008162399,0.9729395953652247,0.947305135096902,3.0
CHNCXR_0393_1.png,segnet,0.6899871826171875,0.0,0.0,1.0,0.0,0.0,0.0
CHNCXR_0393_1.png,unet,0.982666015625,0.9616365824308063,0.9833144657183639,0.9823746655167076,0.9723547162464713,0.9461968362224117,3.605551275463989
CHNCXR_0393_1.png,resunetpp,0.9812164306640625,0.9649225372698041,0.974848648914702,0.9840774895508525,0.9698601963616776,0.9414840519085421,3.605551275463989
CHNCXR_0393_1.png,attunet,0.9821929931640625,0.9588364960705387,0.9848402815376286,0.9810035604502532,0.9716644409372345,0.9448904420098224,3.1622776601683795
CHNCXR_0397_1.png,segnet,0.7725830078125,0.0,0.0,1.0,0.0,0.0,0.0
CHNCXR_0397_1.png,unet,0.9875335693359375,0.9620809551925474,0.9839640365002684,0.9885842945173013,0.9728994593160182,0.9472290401756879,2.23606797749979
CHNCXR_0397_1.png,resunetpp,0.9878997802734375,0.9626860777755919,0.984970477724101,0.9887620477168589,0.9737007926242828,0.9487494344988043,2.23606797749979
CHNCXR_0397_1.png,attunet,0.9863739013671875,0.9552277600883748,0.9863123993558777,0.986392005056091,0.9705212425312778,0.9427307124991984,2.8284271247461903
CHNCXR_0400_1.png,segnet,0.7132415771484375,0.0,0.0,1.0,0.0,0.0,0.0
CHNCXR_0400_1.png,unet,0.9837493896484375,0.969044343316753,0.9744585750013303,0.9874847570759258,0.9717439176461224,0.9450407678811023,3.1622776601683795
CHNCXR_0400_1.png,resunetpp,0.98187255859375,0.974758643007389,0.9616878625019954,0.9899878056607406,0.9681791396582203,0.9383209594517419,3.605551275463989
CHNCXR_0400_1.png,attunet,0.9849700927734375,0.960392967942089,0.9883467248443569,0.9836125195216396,0.9741693546272258,0.9496395521243417,3.0
CHNCXR_0401_1.png,segnet,0.7956695556640625,0.0,0.0,1.0,0.0,0.0,0.0
CHNCXR_0401_1.png,unet,0.9857635498046875,0.9627098499480018,0.9678142035695616,0.99037299836993,0.9652552787398057,0.9328438782120493,3.605551275463989
CHNCXR_0401_1.png,resunetpp,0.98504638671875,0.9641014135068432,0.9626614890598163,0.9907948988397737,0.9633809132351843,0.92934900151395,3.605551275463989
CHNCXR_0401_1.png,attunet,0.9845428466796875,0.9579695130975285,0.9667687252632365,0.9891072969603989,0.962349005761011,0.9274303316856508,3.605551275463989
CHNCXR_0402_1.png,segnet,0.769378662109375,0.0,0.0,1.0,0.0,0.0,0.0
CHNCXR_0402_1.png,unet,0.98956298828125,0.9733630757118489,0.9816064575889903,0.9919479592241481,0.9774673870075109,0.9559278350515464,2.23606797749979
CHNCXR_0402_1.png,resunetpp,0.9891815185546875,0.9746918869043696,0.9784967579727405,0.992384276704613,0.9765906164360947,0.9542521615692348,2.23606797749979
CHNCXR_0402_1.png,attunet,0.9889678955078125,0.9705709240729841,0.9819372766971021,0.9910753242632184,0.9762210162802171,0.9535466461063994,2.8284271247461903
CHNCXR_0404_1.png,segnet,0.7125091552734375,0.0,0.0,1.0,0.0,0.0,0.0
CHNCXR_0404_1.png,unet,0.979339599609375,0.9544202484278363,0.974682872458999,0.9812185458828568,0.964445144687779,0.9313317780707983,4.0
CHNCXR_0404_1.png,resunetpp,0.9800567626953125,0.9600650713685979,0.971020646462502,0.9837027519006317,0.9655117819352456,0.9333231302928272,4.0
CHNCXR_0404_1.png,attunet,0.9781951904296875,0.94314364247175,0.983440369407144,0.976078809294357,0.9628705796762543,0.9283996392424091,4.47213595499958
CHNCXR_0419_1.png,segnet,0.7937774658203125,0.0,0.0,1.0,0.0,0.0,0.0
CHNCXR_0419_1.png,unet,0.9859466552734375,0.9557099435518889,0.9771365149833519,0.98823552027066,0.966304467127648,0.9348056912295604,4.0
CHNCXR_0419_1.png,resunetpp,0.9868927001953125,0.9688101941028301,0.9675915649278579,0.9919071144345553,0.9682004960574538,0.9383610792192881,4.123105625617661
CHNCXR_0419_1.png,attunet,0.98358154296875,0.9363642741878903,0.987495375508694,0.9825647334730205,0.9612503601267646,0.9253917625849397,4.242640687119285
CHNCXR_0422_1.png,segnet,0.7762451171875,0.0,0.0,1.0,0.0,0.0,0.0
CHNCXR_0422_1.png,unet,0.9846649169921875,0.9769536978839305,0.9539689034369886,0.9935131309954396,0.9653245005692992,0.9329731892757103,3.0
CHNCXR_0422_1.png,resunetpp,0.9845428466796875,0.9777420032197103,0.9526050190943808,0.9937490171410599,0.9650098442195434,0.9323855293018288,3.0
CHNCXR_0422_1.png,attunet,0.984649658203125,0.9782882756688612,0.9525368248772504,0.9939062745714735,0.9652408264805473,0.9328168825965006,3.0
CHNCXR_0424_1.png,segnet,0.753082275390625,0.0,0.0,1.0,0.0,0.0,0.0
CHNCXR_0424_1.png,unet,0.937255859375,0.993378024852845,0.7508960573476703,0.9983587956396645,0.8552826071654818,0.7471561212568407,26.0
CHNCXR_0424_1.png,resunetpp,0.95819091796875,0.9936829734097253,0.8359906068471141,0.9982574867285327,0.9080413478319237,0.8315711826899435,13.416407864998739
CHNCXR_0424_1.png,attunet,0.9471893310546875,0.9878806473882028,0.7958843159065628,0.9967986384082343,0.8815496765803074,0.7881884944920441,15.0
CHNCXR_0429_1.png,segnet,0.774871826171875,0.0,0.0,1.0,0.0,0.0,0.0
CHNCXR_0429_1.png,unet,0.983306884765625,0.9768221167271712,0.9483529890199268,0.9934622504036863,0.9623770548180756,0.9274824340448098,3.0
CHNCXR_0429_1.png,resunetpp,0.981414794921875,0.9771573604060914,0.9394062627084181,0.9936197865385373,0.9579100145137881,0.9192200557103064,4.0
CHNCXR_0429_1.png,attunet,0.9850616455078125,0.97392142021606,0.9593330622204148,0.9925367256114371,0.9665721992693004,0.9353069450868962,3.0
CHNCXR_0438_1.png,segnet,0.7410736083984375,0.0,0.0,1.0,0.0,0.0,0.0
CHNCXR_0438_1.png,unet,0.9774017333984375,0.9706454357603015,0.941186870175025,0.9900549756007165,0.9556891960625916,0.9151386660554665,4.242640687119285
CHNCXR_0438_1.png,resunetpp,0.9776153564453125,0.974299351364582,0.938299251576404,0.9913521526962753,0.9559604935306656,0.9156363218126402,4.242640687119285
CHNCXR_0438_1.png,attunet,0.97918701171875,0.9756751813692617,0.9431315929047086,0.9917845450614615,0.9591274122018458,0.9214647627821281,4.0
CHNCXR_0440_1.png,segnet,0.754913330078125,0.0,0.0,1.0,0.0,0.0,0.0
CHNCXR_0440_1.png,unet,0.9757537841796875,0.9778775671927623,0.92192753081808,0.9932287666248939,0.9490786732895369,0.9030920290297005,6.708203932499369
CHNCXR_0440_1.png,resunetpp,0.9696197509765625,0.9719594821224928,0.9020669904121529,0.9915511177588228,0.9357099034518389,0.8791868932038835,8.0
CHNCXR_0440_1.png,attunet,0.9777374267578125,0.9625007917907139,0.9460216660440792,0.9880341189311558,0.9541900844610506,0.9123934189984388,5.385164807134504
CHNCXR_0446_1.png,segnet,0.764892578125,0.0,0.0,1.0,0.0,0.0,0.0
CHNCXR_0446_1.png,unet,0.9880218505859375,0.9636040834442965,0.9863058151609554,0.9885493137567827,0.974822797395683,0.9508822425228382,2.8284271247461903
CHNCXR_0446_1.png,resunetpp,0.98126220703125,0.9396081349206349,0.983515057113188,0.9805697414618576,0.9610603754439371,0.9250396776950311,5.830951894845301
CHNCXR_0446_1.png,attunet,0.9850921630859375,0.9557253836922882,0.9820872274143302,0.986015799553144,0.9687269933740917,0.9393506735365323,5.0
CHNCXR_0449_1.png,segnet,0.753204345703125,0.0,0.0,1.0,0.0,0.0,0.0
CHNCXR_0449_1.png,unet,0.986785888671875,0.9655717761557178,0.9814517126252009,0.9885336898829059,0.973446985956951,0.9482676224611708,2.8284271247461903
CHNCXR_0449_1.png,resunetpp,0.9843597412109375,0.9544609107817844,0.9835538518610115,0.9846237996839674,0.968789013732834,0.9394673123486683,3.1622776601683795
CHNCXR_0449_1.png,attunet,0.9850921630859375,0.9583207672356596,0.9823172993693582,0.986001377577894,0.9701706713888804,0.942069374444115,3.129822128134696
CHNCXR_0463_1.png,segnet,0.7330474853515625,0.0,0.0,1.0,0.0,0.0,0.0
CHNCXR_0463_1.png,unet,0.972686767578125,0.9828444936358606,0.9136324664189769,0.9941924606065652,0.9469755317258132,0.8992910993586137,9.0
CHNCXR_0463_1.png,resunetpp,0.9739532470703125,0.9847703267010562,0.9166047442126322,0.9948377427613914,0.9494656443352378,0.903793045144564,8.246211251235321
CHNCXR_0463_1.png,attunet,0.9737548828125,0.9836286712857931,0.9169476993426693,0.994442247247143,0.9491184475210034,0.9031640581015652,8.06225774829855
CHNCXR_0467_1.png,segnet,0.7156982421875,0.0,0.0,1.0,0.0,0.0,0.0
CHNCXR_0467_1.png,unet,0.985076904296875,0.9784800520381614,0.9688170888793474,0.9915359031212689,0.9736245954692556,0.948604761154028,2.8284271247461903
CHNCXR_0467_1.png,resunetpp,0.9840850830078125,0.9761762954139369,0.9676363246028339,0.9906191369606003,0.9718875502008032,0.9453125,3.0
CHNCXR_0467_1.png,attunet,0.983551025390625,0.9752544942603422,0.9666702447402319,0.9902566945249872,0.9709433962264151,0.9435276861019435,3.0
CHNCXR_0468_1.png,segnet,0.67584228515625,0.0,0.0,1.0,0.0,0.0,0.0
CHNCXR_0468_1.png,unet,0.97723388671875,0.9842600764930862,0.9448785539446432,0.9927526415605527,0.9641673471348288,0.9308138186876884,4.0
CHNCXR_0468_1.png,resunetpp,0.97918701171875,0.9814958341406704,0.9537751835812465,0.9913754176826515,0.967436974789916,0.9369277721261444,4.0
CHNCXR_0468_1.png,attunet,0.9786834716796875,0.979095254188191,0.9546224816418754,0.9902239682109636,0.9667040064828276,0.9355538127969738,3.605551275463989
CHNCXR_0473_1.png,segnet,0.743682861328125,0.0,0.0,1.0,0.0,0.0,0.0
CHNCXR_0473_1.png,unet,0.980377197265625,0.9626580768313052,0.9607096082867008,0.9871558127128729,0.9616828556105119,0.9261937557392103,5.0
CHNCXR_0473_1.png,resunetpp,0.9810333251953125,0.961929084753816,0.9641624002857483,0.9868480446468875,0.9630444477478817,0.9287229772349332,4.123105625617661
CHNCXR_0473_1.png,attunet,0.981201171875,0.9615703949709405,0.9652339564233837,0.9867044195494276,0.9633986928104575,0.9293820933165196,5.0
CHNCXR_0477_1.png,segnet,0.7048187255859375,0.0,0.0,1.0,0.0,0.0,0.0
CHNCXR_0477_1.png,unet,0.9803009033203125,0.9690812720848057,0.9640217110364435,0.9871187027775974,0.9665448702998264,0.9352557673019057,3.1622776601683795
CHNCXR_0477_1.png,resunetpp,0.981964111328125,0.9707147670139429,0.9681054536055829,0.9877681799484748,0.9694083544696931,0.9406328478151682,3.1622776601683795
CHNCXR_0477_1.png,attunet,0.9812774658203125,0.9672477821332783,0.9693977772034117,0.9862527332164275,0.9683215862442878,0.9385885885885886,3.0
CHNCXR_0478_1.png,segnet,0.699310302734375,0.0,0.0,1.0,0.0,0.0,0.0
CHNCXR_0478_1.png,unet,0.97601318359375,0.9669859909353111,0.952755505937278,0.9860135282566005,0.9598180052144574,0.9227404531380548,8.0
CHNCXR_0478_1.png,resunetpp,0.97515869140625,0.9766902225503639,0.9398152846848675,0.9903556622299804,0.9578980035171201,0.9191979352789359,6.0
CHNCXR_0478_1.png,attunet,0.956024169921875,0.9002664636467453,0.9601136709631585,0.9542657647828933,0.9292274446245273,0.8678102926337034,14.259406145362483
CHNCXR_0508_1.png,segnet,0.7509918212890625,0.0,0.0,1.0,0.0,0.0,0.0
CHNCXR_0508_1.png,unet,0.9474334716796875,0.9487590630228667,0.8339359029352289,0.9850661356848244,0.88764961027949,0.797994605371174,24.071667975819796
CHNCXR_0508_1.png,resunetpp,0.944915771484375,0.9353291772281975,0.8366321465776089,0.9808196354918016,0.883231983438996,0.7908822336789666,24.60463430803987
CHNCXR_0508_1.png,attunet,0.9519195556640625,0.9486847485348235,0.8530547214902874,0.9847004083954731,0.8983318813925725,0.8154287722586692,20.370228608638953
CHNCXR_0513_1.png,segnet,0.6072998046875,0.0,0.0,1.0,0.0,0.0,0.0
CHNCXR_0513_1.png,unet,0.9070281982421875,0.9784673844205193,0.7804243083618277,0.988894472361809,0.8682964788275728,0.7672473068989227,37.64306044943742
CHNCXR_0513_1.png,resunetpp,0.9043121337890625,0.970510031423737,0.7800357475909232,0.9846733668341708,0.8649102776760518,0.761975252410233,38.06967090736601
CHNCXR_0513_1.png,attunet,0.9085845947265625,0.972934131736527,0.7891669257071806,0.9858040201005025,0.8714681083864324,0.7722139842591537,38.24131958471266
CHNCXR_0515_1.png,segnet,0.6972503662109375,0.0,0.0,1.0,0.0,0.0,0.0
CHNCXR_0515_1.png,unet,0.968780517578125,0.9434780441608932,0.9540345748702183,0.9751832804464383,0.9487269446672013,0.9024553039332539,6.0
CHNCXR_0515_1.png,resunetpp,0.9699554443359375,0.949270990447461,0.9516153419686507,0.9779188094977569,0.9504417205708389,0.9055635491606715,5.0990195135927845
CHNCXR_0515_1.png,attunet,0.9685211181640625,0.9397012267510882,0.9574618214807722,0.9733231206915417,0.9484983897945428,0.9020417853751187,6.324555320336759
CHNCXR_0517_1.png,segnet,0.73248291015625,0.0,0.0,1.0,0.0,0.0,0.0
CHNCXR_0517_1.png,unet,0.9690399169921875,0.963024908906278,0.9195756331279945,0.9871052412298975,0.9407988795845126,0.8882155253154096,5.830951894845301
CHNCXR_0517_1.png,resunetpp,0.9676666259765625,0.9622143585437534,0.9150695870408396,0.9868760936588618,0.938049992691127,0.8833278273317916,7.364025693426366
CHNCXR_0517_1.png,attunet,0.9715576171875,0.9632761679479598,0.9291010723248916,0.9870635780351638,0.9458800301956913,0.897317247837823,5.787427483507071
CHNCXR_0530_1.png,segnet,0.7716217041015625,0.0,0.0,1.0,0.0,0.0,0.0
CHNCXR_0530_1.png,unet,0.972503662109375,0.9055511059084468,0.9820271263446249,0.9696849848721549,0.9422398871722546,0.8907878787878788,7.615773105863909
CHNCXR_0530_1.png,resunetpp,0.968658447265625,0.8913741892465297,0.9824948219416049,0.9645632699875418,0.9347190439867785,0.8774389880064443,7.810249675906654
CHNCXR_0530_1.png,attunet,0.969970703125,0.894650555589289,0.9844324179862364,0.9656904427613755,0.9373966153454638,0.8821698000239492,8.94427190999916
CHNCXR_0536_1.png,segnet,0.676177978515625,0.0,0.0,1.0,0.0,0.0,0.0
CHNCXR_0536_1.png,unet,0.9783782958984375,0.9489911584674677,0.9862406936198285,0.9746129891230763,0.9672574346650645,0.9365910413030832,3.605551275463989
CHNCXR_0536_1.png,resunetpp,0.97589111328125,0.940166726425242,0.9884553764960889,0.9698740804260505,0.9637065282308082,0.9299552245422706,4.604101966249685
CHNCXR_0536_1.png,attunet,0.9722747802734375,0.9325872754023808,0.9856281217604372,0.9658798573814145,0.9583743785938467,0.9200756576053488,5.770017718971755
CHNCXR_0558_1.png,segnet,0.786102294921875,0.0,0.0,1.0,0.0,0.0,0.0
CHNCXR_0558_1.png,unet,0.9785308837890625,0.9449580128431303,0.9552717934084748,0.9848596607011142,0.9500869133349888,0.9049195837275308,5.0
CHNCXR_0558_1.png,resunetpp,0.9794158935546875,0.9557522123893806,0.9476387501783421,0.9880624247835708,0.9516781889171473,0.9078111118704298,5.0
CHNCXR_0558_1.png,attunet,0.977630615234375,0.9394342529057556,0.9571265515765445,0.9832097519313638,0.9481978798586572,0.9014983538265134,5.830951894845301
CHNCXR_0592_1.png,segnet,0.7584075927734375,0.0,0.0,1.0,0.0,0.0,0.0
CHNCXR_0592_1.png,unet,0.988433837890625,0.9641031956160335,0.9889471357291733,0.9882703257348651,0.9763671509633971,0.9538255360623782,2.23606797749979
CHNCXR_0592_1.png,resunetpp,0.9882049560546875,0.9686333084391336,0.9830101686351291,0.9898597670160755,0.9757687846775963,0.9526840913264369,2.0
CHNCXR_0592_1.png,attunet,0.9872283935546875,0.958088954056696,0.9904629571148866,0.986198016216325,0.9740070184155771,0.9493310733095224,2.8284271247461903
CHNCXR_0603_1.png,segnet,0.8037261962890625,0.0,0.0,1.0,0.0,0.0,0.0
CHNCXR_0603_1.png,unet,0.9542999267578125,0.9994938246608626,0.7675503381792739,0.9999050747062063,0.8682995470735676,0.7672520982281629,76.75649064864606
CHNCXR_0603_1.png,resunetpp,0.9644317626953125,0.9986742424242424,0.8198709476793905,0.9997342091773774,0.9004824317978056,0.818979575988196,14.244215601469229
CHNCXR_0603_1.png,attunet,0.9609222412109375,0.9942429476108232,0.8055663531058074,0.9988608964744746,0.8900150311359244,0.8018262013464366,74.03879739595563
CHNCXR_0616_1.png,segnet,0.7342071533203125,0.0,0.0,1.0,0.0,0.0,0.0
CHNCXR_0616_1.png,unet,0.980621337890625,0.9794549017279259,0.9469544749985648,0.9928091942556685,0.9629305312317572,0.9285111173656065,6.0
CHNCXR_0616_1.png,resunetpp,0.9722900390625,0.9673515844964955,0.9270336988346058,0.9886734418188997,0.9467636022514071,0.8989089289690492,8.0
CHNCXR_0616_1.png,attunet,0.9821014404296875,0.9620065976566944,0.971008668695103,0.9861171727248166,0.9664866718093769,0.9351467905125228,4.123105625617661
CHNCXR_0626_1.png,segnet,0.7664337158203125,0.0,0.0,1.0,0.0,0.0,0.0
CHNCXR_0626_1.png,unet,0.987762451171875,0.9761670277723065,0.9713203109688378,0.9927730992056382,0.9737376383522169,0.9488194001276324,3.0
CHNCXR_0626_1.png,resunetpp,0.98809814453125,0.9825925187695169,0.966159273534984,0.9947838897847857,0.9743066078134265,0.9499004431883872,2.23606797749979
CHNCXR_0626_1.png,attunet,0.98712158203125,0.9755375813769974,0.9691644345724179,0.9925939198471003,0.9723405649865635,0.9461700363543594,3.0
CHNCXR_0630_1.png,segnet,0.774444580078125,0.0,0.0,1.0,0.0,0.0,0.0
CHNCXR_0630_1.png,unet,0.988983154296875,0.9651932239280042,0.9867406304965498,0.9896362848248413,0.9758479962534288,0.9528351188920826,2.0
CHNCXR_0630_1.png,resunetpp,0.98883056640625,0.965787030897759,0.9853876336084427,0.9898333136304528,0.9754888829359765,0.9521506079226043,2.23606797749979
CHNCXR_0630_1.png,attunet,0.9871368408203125,0.9592751235584843,0.9847787850087945,0.9878236198132166,0.9718596655205795,0.9452597402597402,2.23606797749979
CHNCXR_0633_1.png,segnet,0.7824554443359375,0.0,0.0,1.0,0.0,0.0,0.0
CHNCXR_0633_1.png,unet,0.984161376953125,0.9642480859731685,0.9628954197937855,0.9900739093976092,0.9635712781638239,0.929703372612759,3.0
CHNCXR_0633_1.png,resunetpp,0.9832763671875,0.9671328174913041,0.9556007575226204,0.9909709627722849,0.9613322043465989,0.9255434782608696,4.123105625617661
CHNCXR_0633_1.png,attunet,0.9807281494140625,0.9721656976744186,0.9382759346286035,0.9925310555978081,0.9549202270050327,0.9137295081967213,4.176896403293397
CHNCXR_0634_1.png,segnet,0.6777801513671875,0.0,0.0,1.0,0.0,0.0,0.0
CHNCXR_0634_1.png,unet,0.9858551025390625,0.9760445157031029,0.980158166406213,0.9885634525766,0.978097015807008,0.9571329479768786,2.8284271247461903
CHNCXR_0634_1.png,resunetpp,0.983795166015625,0.9753045456700005,0.9743808306104087,0.9882707850244264,0.9748424693229735,0.9509196783436547,3.0
CHNCXR_0634_1.png,attunet,0.984954833984375,0.9733364683752646,0.980158166406213,0.9872351921475044,0.9767354065405125,0.9545286847445121,3.0
CHNCXR_0635_1.png,segnet,0.6627197265625,0.0,0.0,1.0,0.0,0.0,0.0
CHNCXR_0635_1.png,unet,0.8984832763671875,0.9835388370783,0.7109120521172638,0.9939445570086572,0.8252934534282188,0.7025528680645594,31.06283915986832
CHNCXR_0635_1.png,resunetpp,0.896759033203125,0.9914135588876073,0.6999638074556641,0.9969147172591637,0.820578095995757,0.6957460203255689,31.610873254247082
CHNCXR_0635_1.png,attunet,0.9202728271484375,0.9739960685200786,0.7845638798407528,0.9893396573954688,0.8690771505174272,0.7684672309123942,26.795170421043906
CHNCXR_0636_1.png,segnet,0.7500152587890625,0.0,0.0,1.0,0.0,0.0,0.0
CHNCXR_0636_1.png,unet,0.9852142333984375,0.9753299617614407,0.9652688762741867,0.9918621447317559,0.9702733380372427,0.9422630042304713,3.0
CHNCXR_0636_1.png,resunetpp,0.9830780029296875,0.9702586206896552,0.9617896600134286,0.9901735397635953,0.966005578886062,0.9342464129016957,3.605551275463989
CHNCXR_0636_1.png,attunet,0.9855499267578125,0.9651639344262295,0.9774766526277239,0.9882407991373874,0.9712812736921911,0.9441660279464654,2.8284271247461903
CHNCXR_0645_1.png,segnet,0.711761474609375,0.0,0.0,1.0,0.0,0.0,0.0
CHNCXR_0645_1.png,unet,0.9809722900390625,0.9509738765911763,0.9847538380095289,0.9794408952536123,0.9675691139372188,0.9371756763564915,4.0
CHNCXR_0645_1.png,resunetpp,0.980560302734375,0.9557590810307358,0.9778189518263631,0.9816704540582258,0.9666631777266067,0.935477336034439,3.605551275463989
CHNCXR_0645_1.png,attunet,0.9789886474609375,0.948936170212766,0.9798305982001059,0.9786476868327402,0.9641359552025003,0.9307553052398673,4.0
MCUCXR_0004_0.png,segnet,0.8231201171875,0.0,0.0,1.0,0.0,0.0,0.0
MCUCXR_0004_0.png,unet,0.9918670654296875,0.973699991433222,0.9805037957211871,0.9943089129467596,0.977090049430475,0.9552063198588117,2.0
MCUCXR_0004_0.png,resunetpp,0.9861907958984375,0.9437754339340586,0.9803312629399586,0.9874499480943201,0.9617060889434266,0.9262368571195696,4.0
MCUCXR_0004_0.png,attunet,0.9917144775390625,0.9757988114718801,0.9773982056590752,0.9947908942607148,0.9765978537258113,0.9542659816390129,2.0
MCUCXR_0019_0.png,segnet,0.711669921875,0.0,0.0,1.0,0.0,0.0,0.0
MCUCXR_0019_0.png,unet,0.98944091796875,0.987572316263124,0.9756562235393734,0.9950257289879931,0.9815781066979022,0.9638226683396068,2.0
MCUCXR_0019_0.png,resunetpp,0.984161376953125,0.9607802662813499,0.9852878916172735,0.983704974271012,0.9728797617181376,0.9471916971916972,3.605551275463989
MCUCXR_0019_0.png,attunet,0.99090576171875,0.9839221493547705,0.9845469940728196,0.9934819897084048,0.9842344725425881,0.9689583333333334,2.0
MCUCXR_0022_0.png,segnet,0.6023712158203125,0.0,0.0,1.0,0.0,0.0,0.0
MCUCXR_0022_0.png,unet,0.981353759765625,0.9733922921511073,0.9798917840285506,0.982318818552575,0.9766312246615161,0.9543297081137646,4.0
MCUCXR_0022_0.png,resunetpp,0.97210693359375,0.9618771682360566,0.9682259488084731,0.9746687944879296,0.9650411168483458,0.9324439188440076,5.0
MCUCXR_0022_0.png,attunet,0.97149658203125,0.9713573126534429,0.9565217391304348,0.9813815639486283,0.9638824439288476,0.9302828991565276,5.385164807134504
MCUCXR_0023_0.png,segnet,0.61309814453125,0.0,0.0,1.0,0.0,0.0,0.0
MCUCXR_0023_0.png,unet,0.982025146484375,0.9734842550524831,0.9802413629910081,0.9831508213041315,0.9768511240371011,0.9547497407137095,3.605551275463989
MCUCXR_0023_0.png,resunetpp,0.9797515869140625,0.9716562634946806,0.9761397696797602,0.9820308611249378,0.9738928564402212,0.9491141958739168,5.0
MCUCXR_0023_0.png,attunet,0.9848480224609375,0.9695848271076674,0.9919545669663985,0.9803633648581384,0.9806421428153693,0.9620195065978199,3.0
MCUCXR_0024_0.png,segnet,0.8203582763671875,0.0,0.0,1.0,0.0,0.0,0.0
MCUCXR_0024_0.png,unet,0.9908599853515625,0.9694169047218955,0.98003907245392,0.9932295444822647,0.9746990496304119,0.9506467825657081,2.0
MCUCXR_0024_0.png,resunetpp,0.9807586669921875,0.917673235855054,0.9808884736260935,0.9807302419879843,0.9482284353573921,0.9015535951284254,8.737726168906873
MCUCXR_0024_0.png,attunet,0.99041748046875,0.9644137011417618,0.9829270364393102,0.992057734873426,0.9735823658085142,0.9485245901639344,2.23606797749979
MCUCXR_0071_0.png,segnet,0.7392425537109375,0.0,0.0,1.0,0.0,0.0,0.0
MCUCXR_0071_0.png,unet,0.9838409423828125,0.9554494828957836,0.9839077769325297,0.983817367432452,0.9694698301957506,0.940748615229676,4.0
MCUCXR_0071_0.png,resunetpp,0.9819488525390625,0.946045989904655,0.9870677043712329,0.9801432493240035,0.9661215956928892,0.9344634646279985,4.47213595499958
MCUCXR_0071_0.png,attunet,0.9866943359375,0.9622071481502593,0.9877699104687225,0.9863149421016781,0.9748209748209749,0.9508787742226228,3.1622776601683795
MCUCXR_0072_0.png,segnet,0.743255615234375,0.0,0.0,1.0,0.0,0.0,0.0
MCUCXR_0072_0.png,unet,0.986572265625,0.9675697865353038,0.9805657910376798,0.9886470950523506,0.9740244406399433,0.9493641751539214,3.605551275463989
MCUCXR_0072_0.png,resunetpp,0.9814605712890625,0.9487724946817685,0.9807440865327469,0.981708068158489,0.9644934100938075,0.9314217982728453,4.0
MCUCXR_0072_0.png,attunet,0.97735595703125,0.956009986921888,0.9557827172233448,0.9848080476288237,0.9558963385639563,0.9155186155072299,4.123105625617661
MCUCXR_0108_1.png,segnet,0.719451904296875,0.0,0.0,1.0,0.0,0.0,0.0
MCUCXR_0108_1.png,unet,0.977996826171875,0.9758481240170748,0.9449581203089307,0.9908801696712619,0.9601547388781432,0.9233630952380952,8.0
MCUCXR_0108_1.png,resunetpp,0.977813720703125,0.9580673087328211,0.9630697269661699,0.9835630965005302,0.9605620049907779,0.9241166953708053,6.0
MCUCXR_0108_1.png,attunet,0.96282958984375,0.9788639365918098,0.8866528880670075,0.9925344644750795,0.9304794520547945,0.8699967979506884,7.245606220104248
MCUCXR_0142_1.png,segnet,0.754119873046875,0.0,0.0,1.0,0.0,0.0,0.0
MCUCXR_0142_1.png,unet,0.9902496337890625,0.9822374571517607,0.9780315253816557,0.9942333373801141,0.9801299791660188,0.9610342094030124,2.23606797749979
MCUCXR_0142_1.png,resunetpp,0.9847259521484375,0.9611840097650289,0.9773488891647015,0.9871312371008862,0.9691990522785316,0.9402388059701493,4.0
MCUCXR_0142_1.png,attunet,0.9885711669921875,0.976493208459964,0.9770385999751768,0.9923313504107483,0.97676582808574,0.9545867943976233,2.8284271247461903
MCUCXR_0144_1.png,segnet,0.725189208984375,0.0,0.0,1.0,0.0,0.0,0.0
MCUCXR_0144_1.png,unet,0.976470947265625,0.9894198763670946,0.9242642976124376,0.9962546816479401,0.9557329046334041,0.9152188255992962,9.452479279013586
MCUCXR_0144_1.png,resunetpp,0.976409912109375,0.9595801697186244,0.9543586896168795,0.9847662332197114,0.9569623072212015,0.9174762463969254,6.662441978239364
MCUCXR_0144_1.png,attunet,0.9754180908203125,0.9761890934432894,0.9333148250971682,0.9913731431216597,0.954270629311079,0.9125407166123779,9.219544457292887
MCUCXR_0170_1.png,segnet,0.6389007568359375,0.0,0.0,1.0,0.0,0.0,0.0
MCUCXR_0170_1.png,unet,0.981781005859375,0.9887762648453474,0.9604479188675259,0.9938382173819589,0.9744062419617594,0.9500898716716131,5.0
MCUCXR_0170_1.png,resunetpp,0.9775238037109375,0.9751220347692044,0.9623072047327277,0.9861240476702252,0.968672238882154,0.939247710962633,5.0
MCUCXR_0170_1.png,attunet,0.983673095703125,0.988329371082775,0.9661948024508769,0.9935516228415848,0.9771367521367521,0.9552955922289534,4.0
MCUCXR_0309_1.png,segnet,0.834716796875,0.0,0.0,1.0,0.0,0.0,0.0
MCUCXR_0309_1.png,unet,0.9648590087890625,0.931935581890003,0.8494276218611522,0.9877157063468851,0.8887708283023424,0.7998087621696801,13.083893698463413
MCUCXR_0309_1.png,resunetpp,0.97998046875,0.954979927356146,0.9223596750369276,0.9913900263234864,0.9383863999248615,0.8839246217818278,7.0710678118654755
MCUCXR_0309_1.png,attunet,0.9711456298828125,0.9507915700312595,0.8704763663220089,0.9910792629423808,0.9088630777386862,0.8329505300353357,10.781910667299748
MCUCXR_0316_1.png,segnet,0.7329254150390625,0.0,0.0,1.0,0.0,0.0,0.0
MCUCXR_0316_1.png,unet,0.9878082275390625,0.982217090069284,0.9719476661143804,0.9935877417608727,0.977055394423226,0.9551400819718152,2.8284271247461903
MCUCXR_0316_1.png,resunetpp,0.9837646484375,0.9637235543018335,0.9759469805176255,0.986613369974809,0.9697967525831724,0.9413644880414417,4.0
MCUCXR_0316_1.png,attunet,0.9851837158203125,0.9847525216983345,0.95937839227561,0.9945870547332043,0.9718998697728259,0.9453358103923887,4.0
MCUCXR_0372_1.png,segnet,0.78125,0.0,0.0,1.0,0.0,0.0,0.0
MCUCXR_0372_1.png,unet,0.9782562255859375,0.9400777149089917,0.9619140625,0.98283203125,0.9508705395621445,0.9063424252382517,9.848857801796104
MCUCXR_0372_1.png,resunetpp,0.9699859619140625,0.8991802749628864,0.9717494419642857,0.9694921875,0.9340574608602367,0.876273745125173,12.140300154246267
MCUCXR_0372_1.png,attunet,0.9810333251953125,0.9468295679475803,0.9676339285714286,0.98478515625,0.9571187083865181,0.9177638107839894,7.810249675906654
MCUCXR_0383_1.png,segnet,0.769134521484375,0.0,0.0,1.0,0.0,0.0,0.0
MCUCXR_0383_1.png,unet,0.9874725341796875,0.9792350458838502,0.966226040978189,0.993849938499385,0.9726870488040188,0.9468264248704663,3.0486832980505065
MCUCXR_0383_1.png,resunetpp,0.9825439453125,0.9455275229357798,0.9808988764044944,0.9830377336031425,0.9628884707714267,0.9284329058492337,4.47213595499958
MCUCXR_0383_1.png,attunet,0.989898681640625,0.976925105485232,0.9793787177792466,0.993056382176725,0.9781503729619117,0.9572351421188631,2.8284271247461903
